{
    "articles": [
        {
            "id": 1,
            "component": "ArticleSkills",
            "locales": {},
            "settings": {
                "order_items_by": "id",
                "order_items_sort": "asc",
                "max_items_per_line": 2,
                "transparent_item_icon_background": false,
                "small_icons": false,
                "chart": null
            },
            "items": [
                {
                    "id": 1,
                    "dateStart": null,
                    "img": null,
                    "fallbackFaIcon": "fa-solid fa-paint-roller",
                    "fallbackFaIconColor": null,
                    "percentage": null,
                    "locales": {
                        "en": {
                            "title": "Design Principles",
                            "description": "Masterful at creating captivating designs, blending color theory, typography, layout, and balance for effective messaging.",
                            "level": null
                        },
                        "es": {
                            "title": "Principios de Diseño",
                            "description": "Experto en diseño: fusiono teoría del color, tipografía, layout y equilibrio para cautivar y transmitir mensajes.",
                            "level": null
                        },
                        "fr": {
                            "title": "Principes de Conception",
                            "description": "Habile en design: utilise principes couleur, typo, composition et équilibre pour captiver et transmettre efficacement.",
                            "level": null
                        },
                        "zh": {
                            "title": "设计原则",
                            "description": "运用色彩理论、排版、版面构图和平衡等基本原则，巧妙打造视觉吸引的设计，以吸引观众并有效传达信息。",
                            "level": null
                        }
                    }
                },

                {
                    "id": 2,
                    "dateStart": null,
                    "img": null,
                    "fallbackFaIcon": "fa-solid fa-mobile-alt",
                    "fallbackFaIconColor": null,
                    "percentage": null,
                    "locales": {
                        "en": {
                            "title": "Responsive Layouts",
                            "description": "Proficient in crafting adaptable layouts for diverse devices, ensuring optimal user experience.",
                            "level": null
                        },
                        "es": {
                            "title": "Diseños Responsivos",
                            "description": "Destacada habilidad en crear diseños adaptables para diversos dispositivos, garantizando una experiencia de usuario óptima.",
                            "level": null
                        },
                        "fr": {
                            "title": "Mises en Page Réactives",
                            "description": "Compétent pour créer des mises en page adaptables pour divers appareils, assurant une expérience utilisateur optimale.",
                            "level": null
                        },
                        "zh": {
                            "title": "响应式布局",
                            "description": "擅长为不同设备创建适应性布局，通过无缝调整设计元素和内容以适配不同屏幕尺寸，确保最佳用户体验。",
                            "level": null
                        }
                    }
                },

                {
                    "id": 3,
                    "dateStart": null,
                    "img": null,
                    "fallbackFaIcon": "fa-solid fa-vector-square",
                    "fallbackFaIconColor": null,
                    "percentage": null,
                    "locales": {
                        "en": {
                            "title": "Wireframing",
                            "description": "Skilled in creating detailed wireframes to visualize and plan user interfaces, effectively laying the foundation for intuitive design.",
                            "level": null
                        },
                        "es": {
                            "title": "Creación de Wireframes",
                            "description": "Habilidad para crear wireframes detallados para visualizar y planificar interfaces de usuario.",
                            "level": null
                        },
                        "fr": {
                            "title": "Création de Wireframes",
                            "description": "Compétent dans la création de wireframes détaillés pour visualiser et planifier les interfaces utilisateur.",
                            "level": null
                        },
                        "zh": {
                            "title": "线框图设计",
                            "description": "熟练制作详细的线框图，以便可视化和规划用户界面。",
                            "level": null
                        }
                    }
                },

                {
                    "id": 4,
                    "dateStart": null,
                    "img": null,
                    "fallbackFaIcon": "fa-solid fa-check-double",
                    "fallbackFaIconColor": null,
                    "percentage": null,
                    "locales": {
                        "en": {
                            "title": "Usability Testing",
                            "description": "Enhancing user experiences through comprehensive usability testing.",
                            "level": null
                        },
                        "es": {
                            "title": "Pruebas de Usabilidad",
                            "description": "Experiencia en mejorar experiencias de usuario mediante pruebas exhaustivas de usabilidad.",
                            "level": null
                        },
                        "fr": {
                            "title": "Tests d'Utilisabilité",
                            "description": "Expérimenté dans l'amélioration des expériences utilisateur grâce à des tests d'utilisabilité.",
                            "level": null
                        },
                        "zh": {
                            "title": "可用性测试",
                            "description": "通过全面的可用性测试提升用户体验。",
                            "level": null
                        }
                    }
                },

                {
                    "id": 5,
                    "dateStart": null,
                    "img": null,
                    "fallbackFaIcon": "fa-solid fa-expand-arrows-alt",
                    "fallbackFaIconColor": null,
                    "percentage": null,
                    "locales": {
                        "en": {
                            "title": "Interaction Design",
                            "description": "Proficient in creating intuitive and seamless interactions for user-friendly experiences, harmonizing aesthetics and usability.",
                            "level": null
                        },
                        "es": {
                            "title": "Diseño de Interacción",
                            "description": "Competente en la creación de interacciones intuitivas y fluidas para experiencias amigables para el usuario.",
                            "level": null
                        },
                        "fr": {
                            "title": "Design d'Interaction",
                            "description": "Compétent dans la création d'interactions intuitives et fluides pour des expériences conviviales.",
                            "level": null
                        },
                        "zh": {
                            "title": "交互设计",
                            "description": "熟练创建直观流畅的交互，以实现用户友好的体验。",
                            "level": null
                        }
                    }
                },

                {
                    "id": 6,
                    "dateStart": null,
                    "img": null,
                    "fallbackFaIcon": "fa-solid fa-laptop-code",
                    "fallbackFaIconColor": null,
                    "percentage": null,
                    "locales": {
                        "en": {
                            "title": "Prototyping",
                            "description": "Skilled in translating concepts into interactive prototypes for testing and refinement.",
                            "level": null
                        },
                        "es": {
                            "title": "Prototipado",
                            "description": "Habilidad para traducir conceptos en prototipos interactivos para pruebas y perfeccionamiento.",
                            "level": null
                        },
                        "fr": {
                            "title": "Prototypage",
                            "description": "Compétent dans la traduction de concepts en prototypes interactifs pour des tests et affinages.",
                            "level": null
                        },
                        "zh": {
                            "title": "原型设计",
                            "description": "熟练将概念转化为交互式原型，以进行测试和完善。",
                            "level": null
                        }
                    }
                }
            ]
        },

        {
            "id": 2,
            "component": "ArticleSkills",
            "locales": {
                "en": {"title": "Frontend Stack"},
                "es": {"title": "Stack de Frontend"},
                "fr": {"title": "Stack Frontend"},
                "zh": {"title": "技术栈01"}
            },
            "settings": {
                "order_items_by": "percentage",
                "order_items_sort": "desc",
                "max_items_per_line": 2,
                "transparent_item_icon_background": true,
                "small_icons": false,
                "chart": null
            },
            "items": [
                {
                    "id": 1,
                    "dateStart": {"year": 2019, "month": 4},
                    "img": null,
                    "fallbackFaIcon": "fa-brands fa-html5",
                    "fallbackFaIconColor": null,
                    "percentage": 95,
                    "locales": {
                        "en": {
                            "title": "HTML 5",
                            "description": "Experienced with HTML5 elements and features."
                        },
                        "es": {
                            "title": "HTML 5",
                            "description": "Experto en elementos y características de HTML5."
                        },
                        "fr": {
                            "title": "HTML 5",
                            "description": "Expérimenté avec les éléments et fonctionnalités HTML5."
                        },
                        "zh": {
                            "title": "HTML 5",
                            "description": "精通HTML5元素和功能。"
                        }
                    }
                },

                {
                    "id": 2,
                    "dateStart": {"year": 2021, "month": 4},
                    "img": null,
                    "fallbackFaIcon": "fa-brands fa-css3-alt",
                    "fallbackFaIconColor": null,
                    "percentage": 90,
                    "locales": {
                        "en": {
                            "title": "CSS 3",
                            "description": "Skilled in advanced CSS3 techniques like flexbox and animations."
                        },
                        "es": {
                            "title": "CSS 3",
                            "description": "Experto en técnicas avanzadas de CSS3 como flexbox y animaciones."
                        },
                        "fr": {
                            "title": "CSS 3",
                            "description": "Compétent dans les techniques avancées CSS3 comme flexbox et animations."
                        },
                        "zh": {
                            "title": "CSS 3",
                            "description": "擅长使用CSS3高级技术，如flexbox和动画。"
                        }
                    }
                },

                {
                    "id": 3,
                    "dateStart": {"year": 2017, "month": 8},
                    "img": null,
                    "fallbackFaIcon": "fa-brands fa-js-square",
                    "fallbackFaIconColor": null,
                    "percentage": 85,
                    "locales": {
                        "en": {
                            "title": "Javascript",
                            "description": "Skilled in JavaScript for dynamic, interactive web applications."
                        },
                        "es": {
                            "title": "Javascript",
                            "description": "Experto en JavaScript para aplicaciones web dinámicas e interactivas."
                        },
                        "fr": {
                            "title": "Javascript",
                            "description": "Compétent en JavaScript pour des applications web dynamiques et interactives."
                        },
                        "zh": {
                            "title": "Javascript",
                            "description": "擅长JavaScript用于动态和交互式的网页应用。"
                        }
                    }
                },

                {
                    "id": 4,
                    "dateStart": {"year": 2017, "month": 3},
                    "img": null,
                    "fallbackFaIcon": "fa-brands fa-vuejs",
                    "fallbackFaIconColor": null,
                    "percentage": 100,
                    "locales": {
                        "en": {
                            "title": "Vue 3",
                            "description": "Capable of building and deploying complex Vue applications."
                        },
                        "es": {
                            "title": "Vue 3",
                            "description": "Capaz de construir y desplegar aplicaciones complejas con Vue."
                        },
                        "fr": {
                            "title": "Vue 3",
                            "description": "Capable de créer et déployer des applications complexes avec Vue."
                        },
                        "zh": {
                            "title": "Vue 3",
                            "description": "能够构建和部署复杂的Vue应用程序。"
                        }
                    }
                },

                {
                    "id": 5,
                    "dateStart": {"year": 2024, "month": 1},
                    "img": null,
                    "fallbackFaIcon": "fa-brands fa-react",
                    "fallbackFaIconColor": null,
                    "percentage": 75,
                    "locales": {
                        "en": {
                            "title": "React",
                            "description": "Experienced in building interactive UIs with React, using hooks and component-based architecture."
                        },
                        "es": {
                            "title": "React",
                            "description": "Experto en construir interfaces interactivas con React, utilizando hooks y arquitectura basada en componentes."
                        },
                        "fr": {
                            "title": "React",
                            "description": "Expérimenté dans la création d'interfaces interactives avec React, en utilisant des hooks et une architecture basée sur des composants."
                        },
                        "zh": {
                            "title": "React",
                            "description": "擅长使用React构建交互式用户界面，利用hooks和基于组件的架构。"
                        }
                    }
                },

                {
                    "id": 6,
                    "dateStart": {"year": 2022, "month": 11},
                    "img": null,
                    "fallbackFaIcon": "fa-brands fa-angular",
                    "fallbackFaIconColor": null,
                    "percentage": 75,
                    "locales": {
                        "en": {
                            "title": "Angular",
                            "description": ""
                        },
                        "es": {
                            "title": "Angular",
                            "description": ""
                        },
                        "fr": {
                            "title": "Angular",
                            "description": ""
                        },
                        "zh": {
                            "title": "Angular",
                            "description": ""
                        }
                    }
                }
            ]
        },

        {
            "id": 3,
            "component": "ArticleSkills",
            "locales": {
                "en": {"title": "Backend Stack"},
                "es": {"title": "Stack de Backend"},
                "fr": {"title": "Stack Backend"},
                "zh": {"title": "技术栈02"}
            },
            "settings": {
                "order_items_by": "id",
                "order_items_sort": "asc",
                "max_items_per_line": 2,
                "transparent_item_icon_background": true,
                "small_icons": false,
                "chart": null
            },
            "items": [
                {
                    "id": 1,
                    "dateStart": {"year": 2020, "month": 1},
                    "img": null,
                    "fallbackFaIcon": "fa-solid fa-database",
                    "fallbackFaIconColor": null,
                    "percentage": 85,
                    "locales": {
                        "en": {
                            "title": "MySQL",
                            "description": "Skilled in managing MySQL databases, including schema design and query optimization."
                        },
                        "es": {
                            "title": "MySQL",
                            "description": "Hábil en gestionar bases de datos MySQL, incluyendo diseño de esquemas y optimización de consultas."
                        },
                        "fr": {
                            "title": "MySQL",
                            "description": "Compétent dans la gestion de bases de données MySQL, y compris la conception de schémas et l'optimisation des requêtes."
                        },
                        "zh": {
                            "title": "MySQL",
                            "description": "擅长管理MySQL数据库，包括模式设计和查询优化。"
                        }
                    }
                },

                {
                    "id": 2,
                    "dateStart": {"year": 2021, "month": 1},
                    "img": null,
                    "fallbackFaIcon": "fa-brands fa-php",
                    "fallbackFaIconColor": null,
                    "percentage": 80,
                    "locales": {
                        "en": {
                            "title": "PHP",
                            "description": "Experienced in building dynamic web apps with PHP, including server-side logic and database integration."
                        },
                        "es": {
                            "title": "PHP",
                            "description": "Experto en construir aplicaciones web dinámicas con PHP, incluyendo lógica del servidor e integración de bases de datos."
                        },
                        "fr": {
                            "title": "PHP",
                            "description": "Expérimenté dans la création d'applications web dynamiques avec PHP, y compris la logique serveur et l'intégration de bases de données."
                        },
                        "zh": {
                            "title": "PHP",
                            "description": "擅长使用PHP构建动态网页应用，包括服务器端逻辑和数据库集成。"
                        }
                    }
                },

                {
                    "id": 3,
                    "dateStart": {"year": 2022, "month": 1},
                    "img": null,
                    "fallbackFaIcon": "fa-brands fa-laravel",
                    "fallbackFaIconColor": null,
                    "percentage": 55,
                    "locales": {
                        "en": {
                            "title": "Laravel",
                            "description": ""
                        },
                        "es": {
                            "title": "Laravel",
                            "description": ""
                        },
                        "fr": {
                            "title": "Laravel",
                            "description": ""
                        },
                        "zh": {
                            "title": "Laravel",
                            "description": ""
                        }
                    }
                },

                {
                    "id": 4,
                    "dateStart": {"year": 2023, "month": 1},
                    "img": null,
                    "fallbackFaIcon": "fa-brands fa-node",
                    "fallbackFaIconColor": null,
                    "percentage": 40,
                    "locales": {
                        "en": {
                            "title": "NodeJS",
                            "description": ""
                        },
                        "es": {
                            "title": "NodeJS",
                            "description": ""
                        },
                        "fr": {
                            "title": "NodeJS",
                            "description": ""
                        },
                        "zh": {
                            "title": "NodeJS",
                            "description": ""
                        }
                    }
                }
            ]
        },

        {
            "id": 4,
            "component": "ArticleSkills",
            "locales": {
                "en": {"title": "Languages"},
                "es": {"title": "Idiomas"},
                "fr": {"title": "Langues"},
                "zh": {"title": "语言"}
            },
            "settings": {
                "order_items_by": "id",
                "order_items_sort": "asc",
                "max_items_per_line": 1,
                "small_icons": true,
                "transparent_item_icon_background": true,
                "chart": null
            },
            "items": [
                {
                    "id": 1,
                    "dateStart": null,
                    "img": "images/flags/en-us.png",
                    "fallbackFaIcon": null,
                    "fallbackFaIconColor": null,
                    "percentage": null,
                    "locales": {
                        "en": {
                            "title": "English",
                            "description": "Native speaker with excellent communication and writing skills.",
                            "level": "Native"
                        },
                        "es": {
                            "title": "Inglés",
                            "description": "Hablante nativo con excelentes habilidades de comunicación y escritura.",
                            "level": "Nativo"
                        },
                        "fr": {
                            "title": "Anglais",
                            "description": "Locuteur natif avec d'excellentes compétences en communication et en écriture.",
                            "level": "Langue maternelle"
                        },
                        "zh": {
                            "title": "英语",
                            "description": "母语人士，具有出色的沟通和写作能力。",
                            "level": "母语"
                        }
                    }
                },

                {
                    "id": 2,
                    "dateStart": null,
                    "img": "images/flags/es.png",
                    "fallbackFaIcon": null,
                    "fallbackFaIconColor": null,
                    "percentage": null,
                    "locales": {
                        "en": {
                            "title": "Spanish",
                            "description": "Fluent in both spoken and written Spanish; confident in professional communication.",
                            "level": "Fluent"
                        },
                        "es": {
                            "title": "Español",
                            "description": "Fluido en español hablado y escrito; seguro en la comunicación profesional.",
                            "level": "Fluido"
                        },
                        "fr": {
                            "title": "Espagnol",
                            "description": "Courant à la fois à l'oral et à l'écrit en espagnol ; confiant dans la communication professionnelle.",
                            "level": "Courant"
                        },
                        "zh": {
                            "title": "西班牙语",
                            "description": "流利的西班牙语口语和书写能力；自信地进行专业沟通。",
                            "level": "流利"
                        }
                    }
                },

                {
                    "id": 3,
                    "dateStart": null,
                    "img": "images/flags/vi.png",
                    "fallbackFaIcon": null,
                    "fallbackFaIconColor": null,
                    "percentage": null,
                    "locales": {
                        "en": {
                            "title": "Vietnamese",
                            "description": "Intermediate proficiency in Vietnamese language; can hold conversations and understand written text.",
                            "level": "Intermediate"
                        },
                        "es": {
                            "title": "Vietnamita",
                            "description": "Competencia intermedia en el idioma vietnamita; puede mantener conversaciones y comprender texto escrito.",
                            "level": "Intermedio"
                        },
                        "fr": {
                            "title": "Vietnamien",
                            "description": "Compétence intermédiaire en vietnamien ; peut tenir des conversations et comprendre un texte écrit.",
                            "level": "Intermédiaire"
                        },
                        "zh": {
                            "title": "越南语",
                            "description": "具有中等水平的越南语能力；能进行对话并理解书面文字。",
                            "level": "中级"
                        }
                    }
                },

                {
                    "id": 4,
                    "dateStart": null,
                    "img": "images/flags/pt-br.png",
                    "fallbackFaIcon": null,
                    "fallbackFaIconColor": null,
                    "percentage": null,
                    "locales": {
                        "en": {
                            "title": "Brazilian Portuguese",
                            "description": "Basic understanding of Brazilian Portuguese; learning and improving.",
                            "level": "Beginner"
                        },
                        "es": {
                            "title": "Portugués Brasileño",
                            "description": "Comprensión básica del portugués brasileño; aprendiendo y mejorando.",
                            "level": "Principiante"
                        },
                        "fr": {
                            "title": "Portugais Brésilien",
                            "description": "Compréhension de base du portugais brésilien ; en cours d'apprentissage et d'amélioration.",
                            "level": "Débutant"
                        },
                        "zh": {
                            "title": "巴西葡萄牙语",
                            "description": "对巴西葡萄牙语有基本的理解；正在学习和改进。",
                            "level": "初学者"
                        }
                    }
                }
            ]
        }
    ]
}